U_S_ Total Gasoline Through Company Outlets Price by All Sellers (Dollars per Gallon)_PREDICTION,DEPLOYMENT_APPROVAL_STATUS,Date,"U_S_ Finished Motor Gasoline Stocks at Refineries, Bulk Terminals, and Natural Gas Plants (Thousand Barrels)","U_S_ Reformulated Motor Gasoline Stocks at Refineries, Bulk Terminals, and Natural Gas Plants (Thousand Barrels)","U_S_ Conventional Motor Gasoline Stocks at Refineries, Bulk Terminals, and Natural Gas Plants (Thousand Barrels)",U_S_ Total Gasoline All Sales/Deliveries by Prime Supplier (Thousand Gallons per Day),U_S_ Regular Gasoline All Sales/Deliveries by Prime Supplier (Thousand Gallons per Day),U_S_ Gasoline Midgrade All Sales/Deliveries by Prime Supplier (Thousand Gallons per Day),U_S_ Premium Gasoline All Sales/Deliveries by Prime Supplier (Thousand Gallons per Day),U_S_ Aviation Gasoline All Sales/Deliveries by Prime Supplier (Thousand Gallons per Day),U_S_ Kerosene_Type Jet Fuel All Sales/Deliveries by Prime Supplier (Thousand Gallons per Day),U_S_ Total Gasoline Through Company Outlets Price by All Sellers (Dollars per Gallon),U_S_ Regular Gasoline Through Company Outlets Price by All Sellers (Dollars per Gallon),U_S_ Gasoline Midgrade Through Company Outlets Price by All Sellers (Dollars per Gallon),U_S_ Premium Gasoline Through Company Outlets Price by All Sellers (Dollars per Gallon),U_S_ Aviation Gasoline Retail Sales by Refiners (Dollars per Gallon)
0.7735149708,APPROVED,1993-01-15,140965,0,140965,292206.7,196322.5,35242.1,57310.0,517.6,47041.8,0.763,0.722,0.807,0.892,1.003
0.722274631,APPROVED,1993-02-15,145557,0,145557,311617.3,209247.9,37276.0,61598.3,650.3,47619.4,0.754,0.714,0.797,0.878,0.999
0.7280284628,APPROVED,1993-03-15,135815,0,135815,314819.7,211692.0,37579.1,61828.5,747.6,47792.8,0.755,0.715,0.797,0.878,0.994
0.7416275891,APPROVED,1993-04-15,130662,0,130662,324876.6,218889.3,38480.0,63592.5,814.0,48912.8,0.777,0.737,0.821,0.906,1.007
0.8149956328,APPROVED,1993-05-15,132777,0,132777,323118.8,218009.5,38114.7,63078.7,914.9,49899.5,0.797,0.758,0.84,0.924,1.022
0.7634745542,APPROVED,1993-06-15,132950,0,132950,335721.3,226461.9,39214.0,65984.4,1035.1,50384.4,0.794,0.754,0.836,0.921,1.025
0.7513482495,APPROVED,1993-07-15,123764,0,123764,336371.2,224585.7,40098.1,67805.3,1083.4,51271.4,0.775,0.734,0.817,0.902,0.997
0.7209962137,APPROVED,1993-08-15,118299,0,118299,334404.4,223154.7,39567.0,67706.7,1036.7,52007.5,0.764,0.721,0.805,0.893,0.988
0.783605968,APPROVED,1993-09-15,121900,0,121900,326018.2,217511.0,38637.2,66064.9,923.9,51813.2,0.751,0.709,0.792,0.881,0.982
0.7919383277,APPROVED,1993-10-15,124548,0,124548,322287.8,220699.0,38180.3,63408.5,872.7,50711.4,0.751,0.712,0.79,0.881,0.98
0.7184121296,APPROVED,1993-11-15,131909,0,131909,325399.9,221052.0,38785.8,65562.1,706.3,52370.3,0.726,0.685,0.764,0.853,0.957
0.6736555873,APPROVED,1993-12-15,136145,0,136145,328422.6,221407.6,39302.2,67712.7,635.6,52149.5,0.68,0.637,0.72,0.81,0.912
0.6803112473,APPROVED,1994-01-15,143280,0,143280,299392.0,199710.3,36012.7,63669.0,569.4,49334.7,0.666,0.623,0.705,0.795,0.886
0.6785172922,APPROVED,1994-02-15,138237,0,138237,314953.6,210585.4,37780.8,66587.4,654.1,49026.6,0.675,0.633,0.716,0.795,0.884
0.6868690087,APPROVED,1994-03-15,127435,0,127435,324234.0,217958.3,39188.5,67087.2,826.0,51650.5,0.673,0.63,0.714,0.804,0.89
0.6858546308,APPROVED,1994-04-15,126021,0,126021,330060.6,223392.7,39311.0,67357.0,845.1,54930.6,0.693,0.65,0.735,0.823,0.913
0.6969212713,APPROVED,1994-05-15,128498,0,128498,330510.6,222341.0,39957.7,68211.9,1011.2,54048.0,0.709,0.667,0.751,0.84,0.923
0.741895819,APPROVED,1994-06-15,124889,0,124889,342276.6,230999.2,41152.5,70125.0,1101.8,55197.9,0.737,0.696,0.778,0.865,0.956
0.7728809419,APPROVED,1994-07-15,121235,0,121235,336288.9,227382.3,40636.9,68269.8,1162.4,56035.0,0.768,0.727,0.809,0.894,0.974
0.8095601899,APPROVED,1994-08-15,116864,0,116864,343779.9,235341.6,40927.8,67510.5,1174.5,57697.6,0.807,0.767,0.848,0.933,1.017
0.8101823474,APPROVED,1994-09-15,118335,354,117981,333013.4,227881.9,39518.1,65613.4,1052.8,56872.0,0.792,0.751,0.834,0.92,1.011
0.8332864105,APPROVED,1994-10-15,115236,5378,109858,330463.6,226070.3,39243.1,65150.2,842.6,54774.9,0.77,0.728,0.813,0.9,1.0
0.7281892502,APPROVED,1994-11-15,126804,30175,96629,329429.5,224886.5,39379.3,65163.7,772.0,56069.0,0.772,0.73,0.817,0.905,1.0
0.6921270883,APPROVED,1994-12-15,125374,34046,91328,334972.5,225703.4,41391.1,67878.0,632.7,56103.4,0.748,0.704,0.791,0.881,0.992
0.6903925136,APPROVED,1995-01-15,134701,33034,101667,305943.5,205642.8,38421.7,61879.0,564.8,54765.4,0.74,0.696,0.783,0.871,0.996
0.68462244,APPROVED,1995-02-15,128466,30967,97499,322421.1,216602.6,40862.5,64956.0,668.4,51874.7,0.732,0.689,0.775,0.863,0.998
0.7088766925,APPROVED,1995-03-15,117303,30666,86637,331126.4,221433.1,41554.1,68139.2,769.5,53941.3,0.732,0.69,0.771,0.85,0.99
0.8054114609,APPROVED,1995-04-15,116740,29769,86971,329827.7,222423.1,41624.7,65779.9,802.8,54353.2,0.776,0.735,0.815,0.903,1.013
0.8175101245,APPROVED,1995-05-15,116151,28712,87439,341311.1,233167.2,42911.8,65232.1,973.7,55284.8,0.833,0.793,0.877,0.963,1.058
0.7866287022,APPROVED,1995-06-15,112574,25673,86901,353167.9,242679.6,44051.2,66437.2,1000.6,56209.3,0.837,0.797,0.882,0.966,1.064
0.8067756061,APPROVED,1995-07-15,114694,28293,86401,343697.5,234316.0,43578.6,65802.9,1063.8,56468.8,0.802,0.762,0.846,0.93,1.018
0.7668375015,APPROVED,1995-08-15,106503,25841,80662,354811.1,240807.2,44871.1,69132.8,1098.5,57758.7,0.776,0.735,0.817,0.904,0.992
0.8242812323,APPROVED,1995-09-15,108668,24886,83782,337234.6,228183.1,42754.9,66296.7,942.5,56416.1,0.764,0.724,0.803,0.891,1.013
0.7619444844,APPROVED,1995-10-15,106975,25352,81623,338400.5,227817.1,43415.8,67167.7,803.9,56699.9,0.741,0.699,0.78,0.867,0.968
0.7366698041,APPROVED,1995-11-15,106466,24865,81601,337841.0,224688.4,44157.1,68995.5,690.2,56896.4,0.721,0.678,0.762,0.846,0.954
0.7730127597,APPROVED,1995-12-15,109788,27144,82644,333498.6,221044.7,44076.7,68377.2,571.5,55724.2,0.732,0.689,0.772,0.857,0.96
0.7654400967,APPROVED,1996-01-15,120181,29423,90758,311386.5,208134.2,40957.2,62295.2,541.8,57805.1,0.746,0.704,0.786,0.873,1.012
0.7560199965,APPROVED,1996-02-15,117107,30262,86845,326881.1,218490.3,43127.7,65263.1,603.8,58810.1,0.75,0.708,0.79,0.876,1.006
0.8028944531,APPROVED,1996-03-15,108765,29325,79440,331178.9,225029.5,43203.8,62945.5,693.1,59143.7,0.798,0.759,0.839,0.925,1.05
0.8366352745,APPROVED,1996-04-15,108140,30220,77920,342258.7,239764.6,42877.4,59616.7,816.1,60408.7,0.879,0.842,0.924,1.006,1.114
0.9046326298,APPROVED,1996-05-15,111000,32784,78216,345818.8,249512.7,41135.6,55170.5,925.8,60325.7,0.913,0.879,0.962,1.041,1.144
0.9331219724,APPROVED,1996-06-15,111646,30470,81176,348403.5,249587.8,41420.8,57394.8,950.1,61257.3,0.889,0.855,0.939,1.017,1.135
0.8675476988,APPROVED,1996-07-15,111565,30766,80799,353754.4,251225.3,42304.1,60225.0,1030.3,61401.8,0.867,0.831,0.914,0.994,1.137
0.8204364099,APPROVED,1996-08-15,106511,29557,76954,355688.7,252243.8,42322.3,61122.6,1059.8,61710.5,0.848,0.813,0.894,0.974,1.144
0.8455056842,APPROVED,1996-09-15,111649,30214,81435,335198.3,238202.1,40095.1,56901.0,865.3,61629.7,0.846,0.811,0.891,0.973,1.143
0.811947803,APPROVED,1996-10-15,102688,29411,73277,344902.4,245648.0,41095.1,58159.3,822.5,58196.2,0.851,0.816,0.898,0.98,1.15
0.8380639302,APPROVED,1996-11-15,104065,27476,76589,340286.4,243064.0,40863.2,56359.1,621.0,58008.9,0.876,0.843,0.922,1.004,1.151
0.8078698513,APPROVED,1996-12-15,107859,30729,77130,337018.8,241190.4,40334.5,55494.0,532.7,59646.5,0.875,0.84,0.922,1.005,1.153
0.8822266523,APPROVED,1997-01-15,115801,31944,83857,317585.0,226822.0,38241.1,52521.8,571.7,56673.6,0.877,0.842,0.925,1.009,1.137
0.8580355766,APPROVED,1997-02-15,111082,29200,81882,329821.2,236216.5,39393.8,54210.9,834.8,57750.3,0.866,0.831,0.915,0.997,1.149
0.8598321529,APPROVED,1997-03-15,104350,25621,78729,335799.6,240875.3,39582.7,55341.7,731.6,58791.1,0.844,0.808,0.893,0.972,1.138
0.8464329156,APPROVED,1997-04-15,103693,28347,75346,344051.8,246753.8,40209.3,57088.6,766.9,60322.2,0.836,0.8,0.886,0.963,1.147
0.8332327106,APPROVED,1997-05-15,107326,30845,76481,348075.6,248763.8,40714.6,58597.2,897.1,59572.1,0.839,0.804,0.887,0.964,1.157
0.8706116615,APPROVED,1997-06-15,113223,32624,80599,351113.5,250233.6,41318.2,59561.7,940.7,62704.7,0.829,0.794,0.877,0.955,1.146
0.8748067842,APPROVED,1997-07-15,102904,29037,73867,363440.0,258187.3,43284.8,61967.9,1088.6,62496.7,0.814,0.779,0.863,0.942,
0.8872754485,APPROVED,1997-08-15,102687,28050,74637,358387.5,257337.5,42305.4,58744.6,1028.5,62747.5,0.864,0.829,0.912,0.993,1.146
0.8888106359,APPROVED,1997-09-15,109255,31691,77564,343092.7,247975.7,39900.4,55216.6,883.6,62188.8,0.864,0.828,0.914,0.994,1.156
0.7948584871,APPROVED,1997-10-15,109179,31435,77744,351432.4,253256.7,40930.5,57245.2,809.2,60719.2,0.835,0.799,0.886,0.965,1.139
0.83451913,APPROVED,1997-11-15,113077,32948,80129,337550.4,242098.0,39485.9,55966.5,607.2,62031.9,0.806,0.77,0.857,0.937,1.13
0.7636770384,APPROVED,1997-12-15,115976,33374,82602,348581.1,248632.5,40856.9,59091.7,589.6,61683.9,0.766,0.728,0.818,0.898,1.077
0.6782664616,APPROVED,1998-01-15,123300,33945,89355,323496.0,229911.0,38186.5,55398.4,502.8,58044.0,0.721,0.684,0.771,0.853,1.043
0.7075761185,APPROVED,1998-02-15,126240,36034,90206,335167.1,239056.4,38504.4,57606.3,629.0,59719.5,0.685,0.647,0.736,0.818,1.008
0.6471598351,APPROVED,1998-03-15,117138,32771,84367,343963.5,244318.9,39252.1,60392.5,796.3,59427.8,0.657,0.619,0.707,0.788,0.984
0.6914448977,APPROVED,1998-04-15,115997,34585,81412,351645.5,251582.4,39095.8,60967.3,835.1,60353.0,0.672,0.635,0.719,0.802,0.993
0.6946177238,APPROVED,1998-05-15,121749,38853,82896,355069.1,253654.2,39583.9,61831.1,872.4,61346.7,0.702,0.666,0.75,0.829,1.011
0.6608514371,APPROVED,1998-06-15,123337,40052,83285,368321.4,263067.5,40883.1,64370.7,977.4,63303.1,0.696,0.658,0.746,0.824,0.991
0.6740543279,APPROVED,1998-07-15,121078,36856,84222,370309.5,262776.7,41395.3,66137.5,1077.0,62669.9,0.684,0.646,0.735,0.814,0.985
0.6788560813,APPROVED,1998-08-15,115644,32723,82921,363216.5,257266.7,40614.6,65335.2,933.2,63074.4,0.658,0.618,0.712,0.786,0.959
0.6715249555,APPROVED,1998-09-15,113756,31227,82529,355466.6,251800.0,39534.6,64132.0,938.1,58267.6,0.645,0.605,0.698,0.775,0.941
0.7056740258,APPROVED,1998-10-15,110758,31432,79326,359486.6,254585.8,40425.0,64475.7,851.8,62884.4,0.652,0.611,0.704,0.785,0.951
0.6548000374,APPROVED,1998-11-15,116957,33031,83926,347231.3,244516.7,39026.2,63688.4,647.0,60199.6,0.625,0.583,0.681,0.759,0.933
0.6156261032,APPROVED,1998-12-15,120947,34362,86585,356435.4,249763.5,39933.6,66738.4,636.9,62109.6,0.581,0.538,0.638,0.714,0.887
0.6646493258,APPROVED,1999-01-15,131171,36349,94822,323265.9,224874.7,36755.5,61635.7,549.9,53964.4,0.58,0.536,0.631,0.713,0.871
0.5477512888,APPROVED,1999-02-15,128080,35881,92199,347337.8,242585.9,38974.4,65777.6,720.1,58380.6,0.561,0.517,0.616,0.695,0.851
0.5461263305,APPROVED,1999-03-15,119102,35073,84029,357105.4,251926.0,39793.1,65386.3,762.8,58830.5,0.633,0.594,0.683,0.762,0.901
0.6891578152,APPROVED,1999-04-15,121552,38552,83000,359659.2,262910.4,37979.3,58769.5,834.5,60466.2,0.756,0.72,0.812,0.881,1.014
0.7822444106,APPROVED,1999-05-15,123131,37284,85847,360674.8,261795.6,38626.5,60252.6,858.1,62512.2,0.757,0.719,0.812,0.886,1.042
0.7511399036,APPROVED,1999-06-15,120353,35376,84977,373982.0,270739.4,39654.5,63588.1,1040.7,64213.4,0.738,0.701,0.791,0.868,1.041
0.7951779015,APPROVED,1999-07-15,114065,32404,81661,373161.5,270953.3,39923.9,62284.3,1039.0,63912.5,0.788,0.753,0.84,0.916,1.079
0.8317947797,APPROVED,1999-08-15,108814,31661,77153,368014.3,270172.7,38355.0,59486.6,1022.6,63905.0,0.845,0.809,0.9,0.974,1.132
0.8719979177,APPROVED,1999-09-15,112620,31578,81042,357659.4,264130.4,37084.0,56445.0,1011.2,61712.1,0.871,0.836,0.925,1.002,1.154
0.845206404,APPROVED,1999-10-15,111854,31731,80123,357262.6,264977.0,36625.8,55659.8,832.9,59981.7,0.86,0.824,0.915,0.995,1.176
0.8487564223,APPROVED,1999-11-15,114335,34379,79956,354350.4,261110.0,36818.8,56421.6,706.8,61272.5,0.873,0.838,0.925,1.007,1.164
0.8319724027,APPROVED,1999-12-15,104804,31115,73689,375695.1,277629.8,39254.5,58810.8,630.6,63333.9,0.893,0.858,0.947,1.029,1.196
0.9143796284,APPROVED,2000-01-15,114610,34837,79773,311407.7,232343.6,31635.9,47428.3,473.6,54849.0,0.91,0.877,0.962,1.044,1.187
0.9887936652,APPROVED,2000-02-15,108706,30140,78566,345228.4,259809.5,34961.7,50457.2,584.7,58071.5,0.991,0.96,1.041,1.122,1.195
1.0792060766,APPROVED,2000-03-15,108580,31180,77400,347882.2,271043.0,32389.4,44449.8,695.7,59419.9,1.116,1.087,1.175,1.25,1.291
1.0742167686,APPROVED,2000-04-15,110100,32997,77103,349434.7,271073.9,32109.4,46251.4,701.0,59610.1,1.057,1.024,1.121,1.201,1.243
1.0436096546,APPROVED,2000-05-15,111716,33800,77916,365731.5,282159.9,33910.2,49661.4,878.7,60314.5,1.097,1.067,1.153,1.23,1.268
1.2038891681,APPROVED,2000-06-15,112646,32756,79890,371614.6,290963.9,33348.4,47302.4,893.7,64658.3,1.221,1.198,1.266,1.331,1.398
1.2104180701,APPROVED,2000-07-15,112240,30442,81798,362793.6,283507.3,32504.6,46781.7,894.8,64050.7,1.156,1.125,1.216,1.295,1.426
1.1259424834,APPROVED,2000-08-15,102505,29639,72866,372249.6,288627.0,33872.9,49749.8,1079.2,63585.3,1.085,1.053,1.146,1.232,
1.2123955425,APPROVED,2000-09-15,104278,31653,72625,354559.1,276653.0,31994.7,45911.4,862.7,63839.2,1.156,1.127,1.215,1.293,1.382
1.1117672822,APPROVED,2000-10-15,101827,30735,71092,354874.6,276306.4,31969.0,46599.3,733.9,60842.2,1.142,1.112,1.202,1.28,1.349
1.0942614538,APPROVED,2000-11-15,107331,32366,74965,353150.8,274121.3,32267.0,46762.5,630.9,61608.9,1.124,1.093,1.185,1.262,1.349
0.9691262076,APPROVED,2000-12-15,104934,31989,72945,357733.0,275676.3,32977.5,49079.3,500.2,61688.3,1.047,1.014,1.108,1.189,1.261
1.0607400559,APPROVED,2001-01-15,110480,32893,77587,332311.3,257774.6,29965.5,44571.3,520.7,59626.9,1.066,1.035,1.123,1.212,1.285
1.0478900924,APPROVED,2001-02-15,109011,31848,77163,348254.2,270125.5,31615.3,46513.4,533.4,60722.2,1.066,1.033,1.127,1.216,1.292
1.0175124756,APPROVED,2001-03-15,98964,29747,69217,355063.7,275313.7,31736.4,48013.5,673.9,61696.3,1.03,0.996,1.095,1.179,1.245
1.0995018415,APPROVED,2001-04-15,100718,30886,69832,360513.3,282913.6,31212.6,46387.1,732.1,60376.0,1.169,1.14,1.231,1.31,1.349
1.2682060499,APPROVED,2001-05-15,109849,35378,74471,365689.1,291425.3,30500.7,43763.2,807.7,64294.8,1.298,1.27,1.365,1.435,1.509
1.1150044236,APPROVED,2001-06-15,117039,39850,77189,374951.2,298656.4,30889.9,45404.9,872.1,64043.1,1.189,1.156,1.268,1.347,1.451
1.0663408182,APPROVED,2001-07-15,110553,38255,72298,372548.6,293714.6,30576.5,48257.5,938.7,65520.5,1.009,0.972,1.091,1.177,1.346
1.0963645522,APPROVED,2001-08-15,102909,31608,71301,381999.3,300720.4,31232.7,50046.1,943.5,67291.5,1.03,1.001,1.087,1.172,1.363
1.0715050123,APPROVED,2001-09-15,107950,31263,76687,356021.6,281334.6,29191.9,45495.1,660.6,55120.6,1.104,1.076,1.165,1.239,1.424
0.9077708784,APPROVED,2001-10-15,111145,33936,77209,367685.3,288194.9,30117.2,49373.2,709.5,54452.6,0.896,0.863,0.965,1.051,1.253
0.8563386579,APPROVED,2001-11-15,112577,35146,77431,362764.8,281863.4,29649.1,51252.3,636.1,60010.8,0.763,0.731,0.823,0.911,1.194
0.7304970614,APPROVED,2001-12-15,112119,34866,77253,361098.1,279751.2,29803.0,51544.0,498.3,58272.5,0.69,0.659,0.741,0.832,1.158
0.7568247546,APPROVED,2002-01-15,118323,35153,83170,345610.1,268510.4,28938.4,48161.4,477.2,54987.3,0.717,0.687,0.77,0.856,1.118
0.749724541,APPROVED,2002-02-15,113911,34459,79452,360267.8,278662.3,30516.8,51088.8,499.2,58373.9,0.727,0.695,0.785,0.868,1.106
0.941156086,APPROVED,2002-03-15,107954,33441,74513,361490.8,282520.7,30133.0,48837.1,648.8,60893.1,0.875,0.847,0.932,1.012,1.226
0.9774976125,APPROVED,2002-04-15,111364,36266,75098,372778.4,294452.8,30252.1,48073.5,759.3,60038.7,0.999,0.969,1.062,1.148,1.298
0.9647817877,APPROVED,2002-05-15,113170,36270,76900,380735.8,299326.1,30906.0,50503.7,958.2,58146.3,0.99,0.959,1.052,1.142,1.289
0.9523367712,APPROVED,2002-06-15,112683,36455,76228,382719.3,300274.5,30960.7,51484.1,684.3,60425.6,0.98,0.949,1.04,1.13,1.273
1.0369524392,APPROVED,2002-07-15,109671,33528,76143,384409.0,300656.4,31582.5,52170.1,887.4,62899.5,0.995,0.965,1.055,1.142,1.392
0.9810659463,APPROVED,2002-08-15,103542,30686,72856,389738.0,304483.5,32196.5,53058.1,1120.3,60851.3,0.994,0.963,1.056,1.145,1.369
1.0181274039,APPROVED,2002-09-15,107474,31349,76125,362285.1,282920.5,29918.9,49445.8,748.9,60369.0,0.997,0.966,1.059,1.147,1.391
1.0768385478,APPROVED,2002-10-15,98524,26737,71787,374162.4,293700.0,30930.0,49532.5,671.6,60446.5,1.046,1.017,1.108,1.191,1.43
1.0099170715,APPROVED,2002-11-15,105747,27758,77989,366073.6,286736.2,30434.4,48903.1,516.0,58897.3,1.01,0.979,1.075,1.164,1.418
0.9072108176,APPROVED,2002-12-15,109683,32257,77426,362595.5,283317.0,30006.1,49272.4,445.9,57349.1,0.982,0.951,1.045,1.136,1.398
0.9597211551,APPROVED,2003-01-15,105709,27038,78671,347064.9,273443.7,28331.9,45289.2,393.4,53933.7,1.06,1.03,1.12,1.212,1.397
1.2260912499,APPROVED,2003-02-15,99546,24377,75169,351393.3,281729.9,27821.4,41842.0,543.9,55966.8,1.215,1.189,1.276,1.363,
1.2720705656,APPROVED,2003-03-15,93742,23454,70288,354496.3,287490.5,26742.1,40263.8,629.5,54353.7,1.268,1.242,1.331,1.426,
1.1272921477,APPROVED,2003-04-15,99587,26461,73126,364468.4,293747.4,27087.3,43633.7,671.1,52837.9,1.162,1.133,1.225,1.326,
1.062887855,APPROVED,2003-05-15,100769,25774,74995,377611.2,301615.8,28291.9,47703.5,653.2,53186.0,1.076,1.046,1.14,1.233,1.398
1.0534031811,APPROVED,2003-06-15,101239,27308,73931,380903.5,303400.5,28829.7,48673.4,931.7,54755.9,1.077,1.049,1.139,1.228,1.457
1.1022381943,APPROVED,2003-07-15,98270,25320,72950,389831.3,309421.2,29748.6,50661.5,807.7,55886.6,1.097,1.067,1.16,1.249,1.519
1.1797522291,APPROVED,2003-08-15,92694,20849,71845,390542.3,313233.1,29325.5,47983.7,783.9,56467.4,1.214,1.186,1.275,1.363,1.622
1.2778119821,APPROVED,2003-09-15,95561,21129,74432,375971.4,304199.4,27811.7,43960.3,745.4,56967.2,1.23,1.202,1.291,1.393,1.589
1.0854621794,APPROVED,2003-10-15,93204,22600,70604,382446.5,306715.3,28646.4,47084.7,629.9,54457.6,1.133,1.103,1.198,1.292,1.508
1.1751500468,APPROVED,2003-11-15,94528,19136,75392,364938.8,290047.5,28269.3,46622.0,523.8,55047.7,1.085,1.055,1.148,1.243,
1.0552743611,APPROVED,2003-12-15,95550,21101,74449,369796.2,293525.2,28230.1,48041.0,501.2,56169.7,1.063,1.033,1.127,1.22,1.466
1.198970944,APPROVED,2004-01-15,89887,15047,74840,347495.3,278506.0,26159.2,42830.1,461.7,55540.7,1.169,1.141,1.233,1.323,
1.209512578,APPROVED,2004-02-15,85119,15061,70058,354176.8,284677.3,26786.4,42713.0,498.1,56899.7,1.243,1.215,1.304,1.401,
1.3563267655,APPROVED,2004-03-15,82608,14918,67690,368985.9,299591.5,26844.0,42550.4,704.3,57638.3,1.319,1.292,1.383,1.482,
1.4390755695,APPROVED,2004-04-15,84209,16735,67474,375386.6,307079.8,26350.6,41956.2,730.0,60633.2,1.382,1.356,1.446,1.541,1.774
1.5567403639,APPROVED,2004-05-15,87436,16594,70842,373860.7,309875.4,24985.1,39000.2,688.3,55130.1,1.556,1.533,1.621,1.714,1.944
1.6100463672,APPROVED,2004-06-15,90336,16565,73771,383443.8,318651.7,24767.6,40024.5,771.4,58884.0,1.527,1.501,1.599,1.705,1.923
1.4458997361,APPROVED,2004-07-15,89040,16699,72341,385513.2,318215.8,25354.6,41942.8,805.0,57031.6,1.471,1.445,1.542,1.646,1.854
1.4458149851,APPROVED,2004-08-15,87549,15676,71873,384187.7,315718.3,25453.5,43015.9,800.4,59308.0,1.446,1.419,1.513,1.615,1.849
1.4348281886,APPROVED,2004-09-15,88115,16889,71226,375697.2,307736.5,25347.5,42613.3,756.8,57825.5,1.444,1.417,1.509,1.609,1.878
1.4701217505,APPROVED,2004-10-15,88979,18141,70838,370616.0,306303.5,24821.7,39490.7,653.4,56489.1,1.577,1.552,1.635,1.751,1.955
1.4750864081,APPROVED,2004-11-15,93746,18730,75016,368125.1,303961.5,24751.6,39412.1,565.6,56261.5,1.539,1.512,1.604,1.72,1.87
1.3176273077,APPROVED,2004-12-15,92243,18533,73710,379501.7,311280.8,25852.1,42368.9,529.0,55909.5,1.397,1.368,1.466,1.574,1.767
1.3714709884,APPROVED,2005-01-15,95986,18600,77386,350388.6,287192.0,23896.4,39300.3,427.7,56124.4,1.402,1.375,1.466,1.564,1.738
1.5356815125,APPROVED,2005-02-15,93972,17936,76036,369812.3,304029.0,25167.5,40615.8,529.1,61015.6,1.476,1.451,1.537,1.639,1.867
1.7282708079,APPROVED,2005-03-15,85876,13948,71928,378044.4,313693.0,25137.8,39213.6,622.4,61570.3,1.644,1.621,1.704,1.806,2.015
1.7908236809,APPROVED,2005-04-15,88471,15542,72929,380809.4,318784.3,24542.2,37482.8,666.5,63701.8,1.802,1.778,1.863,1.982,2.217
1.7153931581,APPROVED,2005-05-15,91504,15485,76019,388167.8,322141.3,25670.7,40355.8,681.8,62361.5,1.702,1.675,1.765,1.891,2.121
1.7751236066,APPROVED,2005-06-15,90328,16054,74274,395341.8,327044.6,26742.0,41555.2,925.5,65283.1,1.722,1.698,1.778,1.899,2.116
1.8265122132,APPROVED,2005-07-15,86296,15444,70852,390661.6,324345.6,26411.8,39904.1,778.0,62719.7,1.847,1.822,1.904,2.029,2.23
2.0412855699,APPROVED,2005-08-15,79630,13707,65923,399133.6,334846.5,26136.8,38150.3,870.6,65988.5,2.087,2.065,2.143,2.261,2.386
2.4116187341,APPROVED,2005-09-15,83677,14022,69655,368882.3,311764.3,23056.1,34061.9,783.9,62032.8,2.438,2.416,2.496,2.617,2.808
2.255055154,APPROVED,2005-10-15,85223,14616,70607,368895.1,312595.1,22484.9,33815.1,586.1,58933.9,2.263,2.241,2.31,2.453,2.708
1.79331283,APPROVED,2005-11-15,88417,14263,74154,373805.8,314341.9,23054.7,36409.2,597.7,57999.1,1.809,1.783,1.872,2.016,2.186
1.6472154262,APPROVED,2005-12-15,85662,13860,71802,377060.1,316629.5,23902.3,36528.3,454.4,59546.6,1.744,1.72,1.803,1.924,2.193
1.8295647957,APPROVED,2006-01-15,93436,15759,77677,349490.1,294489.9,21869.6,33130.6,466.8,55180.8,1.877,1.855,1.933,2.055,2.391
1.8042402482,APPROVED,2006-02-15,90033,14836,75197,370808.1,311560.9,22988.7,36258.6,514.9,56679.0,1.835,1.81,1.9,2.023,2.324
1.9916306488,APPROVED,2006-03-15,78759,11883,66876,375222.1,316610.7,22558.1,36053.3,591.1,59875.0,1.993,1.97,2.059,2.164,2.474
2.3100235334,APPROVED,2006-04-15,72785,3471,69314,379166.5,322052.6,22724.1,34389.8,647.1,57426.5,2.335,2.314,2.394,2.514,2.869
2.4489156722,APPROVED,2006-05-15,76154,3430,72724,381539.6,324807.8,21791.2,34940.7,766.3,57067.7,2.436,2.412,2.498,2.645,3.013
2.4765761144,APPROVED,2006-06-15,74769,2322,72447,391007.0,333788.7,21104.4,36113.9,754.8,60145.2,2.422,2.397,2.494,2.627,3.057
2.5235960339,APPROVED,2006-07-15,73828,1999,71829,384612.7,329234.5,20173.8,35204.5,793.3,58693.7,2.523,2.499,2.599,2.72,3.103
2.4828960893,APPROVED,2006-08-15,73260,2397,70863,392482.4,334318.3,21909.0,36255.1,855.0,60801.5,2.485,2.46,2.561,2.685,3.058
2.1276262814,APPROVED,2006-09-15,75559,1985,73574,377389.0,320485.8,20498.6,36404.6,691.5,58416.9,2.051,2.022,2.131,2.278,2.532
1.8772170816,APPROVED,2006-10-15,69827,1423,68404,378363.4,320397.4,20960.0,37006.0,642.7,56974.7,1.781,1.754,1.854,1.988,2.385
1.9182843742,APPROVED,2006-11-15,72456,1435,71021,377075.1,319533.7,20727.6,36813.8,562.9,55477.5,1.788,1.763,1.857,1.982,2.353
1.8959833284,APPROVED,2006-12-15,72968,1566,71402,373946.3,317080.6,20443.0,36422.6,455.7,57235.2,1.869,1.844,1.935,2.068,2.349
1.9091139263,APPROVED,2007-01-15,79538,1043,78495,359050.7,304228.9,19465.5,35356.3,458.4,56296.5,1.77,1.743,1.842,1.978,2.179
1.8844393988,APPROVED,2007-02-15,74868,876,73992,372551.8,314875.0,20969.4,36707.4,456.2,58869.4,1.827,1.801,1.9,2.02,2.285
2.100789959,APPROVED,2007-03-15,68718,1220,67498,376284.7,320066.5,20149.5,36068.7,541.7,57775.2,2.119,2.093,2.193,2.323,2.627
2.3494302468,APPROVED,2007-04-15,69253,987,68266,374146.1,319139.6,20132.1,34874.4,540.3,58969.8,2.392,2.366,2.463,2.604,2.969
2.6058307164,APPROVED,2007-05-15,73844,1009,72835,385243.6,329724.2,20160.1,35359.3,606.8,58505.7,2.665,2.641,2.748,2.854,3.096
2.6328221893,APPROVED,2007-06-15,74763,990,73773,390003.8,333193.4,20433.5,36376.9,670.6,62124.1,2.565,2.539,2.647,2.766,2.978
2.4067018211,APPROVED,2007-07-15,74236,962,73274,381336.7,324343.0,20461.4,36532.3,688.3,60293.9,2.499,2.472,2.59,2.691,3.053
2.3171985346,APPROVED,2007-08-15,70303,971,69332,391683.3,332128.6,21115.7,38439.0,714.5,61900.0,2.321,2.294,2.408,2.514,2.823
2.2708936902,APPROVED,2007-09-15,74498,793,73705,375442.7,318898.8,20098.8,36445.1,605.5,58410.4,2.345,2.319,2.424,2.527,2.9
2.3416861282,APPROVED,2007-10-15,70839,741,70098,380390.6,323699.0,20725.0,35966.6,580.8,59576.1,2.343,2.317,2.417,2.549,2.855
2.6747346142,APPROVED,2007-11-15,72375,552,71823,370591.4,317899.7,20002.0,32689.7,515.7,57962.9,2.607,2.583,2.68,2.811,3.067
2.4859736756,APPROVED,2007-12-15,71470,810,70660,362633.1,310256.5,19730.0,32646.6,366.6,56430.3,2.539,2.513,2.609,2.755,2.975
2.6058969212,APPROVED,2008-01-15,77683,517,77166,352153.3,301695.1,19307.7,31150.5,382.2,56294.1,2.57,2.546,2.636,2.778,2.987
2.5210446797,APPROVED,2008-02-15,78908,272,78636,364644.3,312136.8,20262.0,32245.4,442.5,57311.0,2.573,2.548,2.644,2.774,2.954
2.7710443907,APPROVED,2008-03-15,72278,868,71410,364816.2,314357.0,19358.2,31101.1,453.7,57026.3,2.787,2.763,2.854,3.002,3.296
3.1837938552,APPROVED,2008-04-15,70577,960,69617,371623.2,321538.7,19145.7,30938.8,584.3,58367.2,2.98,2.956,3.051,3.195,3.358
3.3244848602,APPROVED,2008-05-15,69727,804,68923,368957.4,320586.2,18626.6,29744.6,587.8,58245.5,3.319,3.298,3.385,3.526,3.615
3.534598233,APPROVED,2008-06-15,69895,914,68981,367346.2,320564.6,18262.2,28519.4,647.5,61190.4,3.565,3.542,3.626,3.802,3.965
3.5672185982,APPROVED,2008-07-15,65575,909,64666,363029.5,315721.4,18169.0,29139.2,631.9,61670.1,3.565,3.541,3.634,3.802,3.929
3.42482934,APPROVED,2008-08-15,62956,976,61980,367087.6,318853.5,17683.7,30550.4,598.0,59060.5,3.275,3.249,3.358,3.51,3.792
3.031777353,APPROVED,2008-09-15,59178,980,58198,350425.3,303754.4,17222.9,29448.0,508.9,54739.6,3.227,3.205,3.286,3.43,3.837
2.5585578598,APPROVED,2008-10-15,61597,726,60871,367401.0,319369.9,17147.9,30883.2,515.4,54131.3,2.544,2.519,2.605,2.802,2.975
1.5804087109,APPROVED,2008-11-15,60652,327,60325,356401.8,308494.9,16493.0,31413.9,424.9,52718.8,1.61,1.583,1.688,1.854,2.23
1.345149942,APPROVED,2008-12-15,61525,495,61030,361649.4,311114.2,17147.8,33387.4,352.2,52319.0,1.222,1.195,1.304,1.442,1.814
1.6287066319,APPROVED,2009-01-15,62992,329,62663,342062.7,295072.4,16171.7,30818.6,373.0,52431.9,1.353,1.329,1.429,1.563,1.857
1.4729870544,APPROVED,2009-02-15,58631,720,57911,355341.5,306780.5,16841.0,31720.0,425.1,52935.1,1.469,1.443,1.551,1.696,1.974
1.5332000836,APPROVED,2009-03-15,57496,587,56909,355900.8,306510.7,16671.3,32718.8,454.4,54803.4,1.51,1.485,1.59,1.726,1.977
1.6035930117,APPROVED,2009-04-15,57199,951,56248,366179.9,315249.7,17346.9,33583.3,470.9,55959.1,1.596,1.57,1.675,1.818,2.15
1.8652450041,APPROVED,2009-05-15,55034,1063,53971,369845.6,318624.9,17456.2,33764.5,497.3,54838.7,1.853,1.829,1.927,2.064,2.423
2.1874235449,APPROVED,2009-06-15,58900,1017,57883,377793.5,326630.4,17345.9,33817.1,608.1,58406.5,2.182,2.157,2.257,2.403,2.707
2.0985066385,APPROVED,2009-07-15,56655,767,55888,375451.2,323101.0,17406.0,34944.3,653.0,57992.0,2.057,2.029,2.136,2.293,2.607
2.0626337369,APPROVED,2009-08-15,56444,564,55880,371446.3,320327.4,17066.2,34052.7,600.6,57002.4,2.153,2.126,2.226,2.393,2.764
2.1165674577,APPROVED,2009-09-15,56759,789,55970,365338.3,315101.5,16536.1,33700.7,601.8,56218.3,2.071,2.041,2.148,2.33,2.684
1.9810304458,APPROVED,2009-10-15,52374,405,51969,360349.5,311558.0,16171.0,32620.5,470.0,54037.5,2.1,2.072,2.174,2.341,2.693
2.2197806163,APPROVED,2009-11-15,55170,358,54812,352940.3,305798.6,15581.8,31559.9,413.5,55020.9,2.18,2.152,2.256,2.419,2.845
2.0507398968,APPROVED,2009-12-15,55254,364,54890,360567.2,312146.4,15896.4,32524.4,350.0,55679.7,2.149,2.121,2.22,2.387,2.799
2.1334387934,APPROVED,2010-01-15,58402,399,58003,335329.3,291030.0,14589.1,29710.2,326.8,50520.5,2.248,2.222,2.321,2.484,2.914
2.1346025044,APPROVED,2010-02-15,53986,410,53576,351848.4,304822.9,15378.3,31647.3,367.2,52052.8,2.191,2.163,2.271,2.424,2.855
2.345977351,APPROVED,2010-03-15,53664,715,52949,362671.7,314555.3,15245.8,32870.6,476.8,55690.6,2.318,2.292,2.394,2.544,3.103
2.40863007,APPROVED,2010-04-15,51149,894,50255,371490.6,321984.4,15616.4,33889.8,552.3,54528.8,2.393,2.368,2.466,2.613,3.201
2.3661317209,APPROVED,2010-05-15,49915,1070,48845,372032.8,321218.2,15880.0,34934.6,527.2,55854.1,2.371,2.344,2.44,2.6,3.129
2.3042361595,APPROVED,2010-06-15,45771,701,45070,379936.0,327477.4,16461.8,35996.9,620.3,57684.0,2.26,2.233,2.33,2.498,2.981
2.237845727,APPROVED,2010-07-15,46872,828,46044,380748.1,327499.2,16724.1,36524.8,604.9,59140.6,2.259,2.231,2.334,2.494,3.028
2.2615161089,APPROVED,2010-08-15,45989,611,45378,379138.6,326677.3,16340.6,36120.7,589.8,59252.0,2.266,2.237,2.346,2.504,2.967
2.2075340347,APPROVED,2010-09-15,45884,439,45445,369443.2,317920.7,15758.2,35764.3,576.6,54803.2,2.244,2.215,2.331,2.471,2.893
2.3179034728,APPROVED,2010-10-15,42651,204,42447,362063.8,312461.4,15361.8,34240.6,702.8,53741.6,2.335,2.308,2.414,2.559,3.0
2.3700896998,APPROVED,2010-11-15,42905,178,42727,357911.7,309414.8,15103.6,33393.3,643.0,53033.8,2.392,2.366,2.467,2.619,3.095
2.5581706276,APPROVED,2010-12-15,40534,255,40279,359633.9,312070.0,15135.7,32428.3,518.3,52933.7,2.525,2.5,2.596,2.748,3.218
2.606459917,APPROVED,2011-01-15,45292,364,44928,333278.7,290045.6,13639.8,29593.3,497.5,52124.9,2.626,2.602,2.705,2.847,3.323
2.7198390496,APPROVED,2011-02-15,42707,210,42497,347283.1,302040.0,14179.5,31063.6,604.6,51657.7,2.73,2.705,2.813,2.956,3.374
3.1772051215,APPROVED,2011-03-15,40431,749,39682,352630.5,309205.9,13404.3,30020.3,639.0,55161.5,,,,,3.767
3.1674011011,APPROVED,2011-04-15,35271,300,34971,353211.1,310205.7,13283.7,29721.7,656.3,55363.7,,,,,4.132
3.2235546,APPROVED,2011-05-15,35918,67,35851,353234.7,309430.2,13407.8,30396.8,700.5,54743.0,,,,,4.091
2.8388571969,APPROVED,2011-06-15,36147,103,36044,363300.9,316259.0,14048.7,32993.3,797.4,55882.5,,,,,3.913
2.799695972,APPROVED,2011-07-15,36369,109,36260,359158.6,312076.5,14181.7,32900.4,838.5,54638.5,,,,,4.027
2.5574219642,APPROVED,2011-08-15,36034,167,35867,370095.5,321552.0,14352.9,34190.6,831.5,55542.9,,,,,3.92
2.7320846598,APPROVED,2011-09-15,37452,170,37282,359636.8,313430.6,13426.6,32779.6,808.5,54212.1,,,,,3.915
2.5029465581,APPROVED,2011-10-15,37002,119,36883,355416.0,309341.9,13366.6,32707.5,662.7,50138.9,,,,,3.697
2.5218931538,APPROVED,2011-11-15,39480,177,39303,355103.6,309150.5,13332.2,32620.9,603.7,50906.0,,,,,3.62
2.3829226274,APPROVED,2011-12-15,39717,175,39542,356700.6,309695.3,13889.2,33116.2,531.0,51042.1,,,,,
2.8931170108,APPROVED,2012-01-15,41507,260,41247,326206.9,283756.4,12721.5,29729.1,661.4,50686.3,,,,,3.732
2.7131038693,APPROVED,2012-02-15,39820,266,39554,343471.6,299148.7,13170.8,31152.0,742.5,51662.6,,,,,
2.9232809684,APPROVED,2012-03-15,35625,273,35352,344305.4,300700.0,13129.9,30475.5,775.2,53755.7,,,,,4.133
2.8730652315,APPROVED,2012-04-15,34264,36,34228,346056.0,301835.8,13187.8,31032.5,764.6,54788.4,,,,,4.313
2.6814516756,APPROVED,2012-05-15,33724,39,33685,353967.2,305996.7,14465.8,33504.7,840.6,54953.7,,,,,
2.7907462929,APPROVED,2012-06-15,34975,31,34944,362301.0,312909.8,14596.1,34795.0,873.1,59833.2,,,,,
2.7173466615,APPROVED,2012-07-15,35348,20,35328,353467.0,304688.1,14207.5,34571.5,935.8,59490.2,,,,,
2.6798022894,APPROVED,2012-08-15,32620,45,32575,360886.1,312469.0,14319.8,34097.3,911.7,58343.6,,,,,4.091
2.7492926264,APPROVED,2012-09-15,32624,38,32586,341115.6,296663.0,12972.1,31480.5,707.7,52548.7,,,,,4.262
2.5863543195,APPROVED,2012-10-15,33409,26,33383,351417.5,306102.3,13510.8,31804.4,622.4,52464.0,,,,,4.064
2.5895399129,APPROVED,2012-11-15,35204,19,35185,344150.9,299004.2,13143.0,32003.7,581.4,52967.2,,,,,3.561
2.1650783916,APPROVED,2012-12-15,37768,43,37725,339377.3,294838.9,12555.9,31982.5,378.9,52673.7,,,,,3.599
2.5126178179,APPROVED,2013-01-15,37300,29,37271,332833.7,289288.7,12355.5,31189.5,474.0,54584.1,,,,,
2.8418507375,APPROVED,2013-02-15,36080,23,36057,341507.9,298450.9,12221.4,30835.6,470.1,54380.1,,,,,4.06
2.7785420759,APPROVED,2013-03-15,33292,38,33254,345879.9,301682.5,12312.9,31884.4,508.9,55382.7,,,,,4.022
2.358719385,APPROVED,2013-04-15,30723,34,30689,351699.1,305095.8,12832.7,33770.6,458.8,58386.8,,,,,3.86
2.5856187767,APPROVED,2013-05-15,30481,44,30437,357563.7,309341.1,12931.4,35291.3,519.7,57380.8,,,,,3.9
2.6025278537,APPROVED,2013-06-15,34087,28,34059,359454.4,311049.4,13086.1,35319.0,648.0,57511.7,,,,,4.191
2.724942583,APPROVED,2013-07-15,34004,29,33975,355964.6,307509.9,13341.5,35113.2,671.9,61022.4,,,,,4.224
2.5554162998,APPROVED,2013-08-15,31496,32,31464,360621.2,311599.3,13089.0,35932.8,624.3,59252.0,,,,,4.298
2.6671692519,APPROVED,2013-09-15,27320,43,27277,344753.3,299742.8,10633.6,34376.9,528.1,55062.2,,,,,3.982
2.5285163424,APPROVED,2013-10-15,25490,40,25450,347905.1,305095.5,7676.1,35133.5,517.1,53861.0,,,,,3.653
2.3743884055,APPROVED,2013-11-15,26044,41,26003,345431.1,303522.5,7179.2,34729.4,473.4,54173.9,,,,,3.674
2.1752924203,APPROVED,2013-12-15,27121,48,27073,339797.8,298499.7,7102.3,34195.8,371.8,53411.6,,,,,3.678
2.3206161745,APPROVED,2014-01-15,27201,39,27162,322546.8,283527.0,6623.9,32395.9,386.7,51820.0,,,,,
2.2200212074,APPROVED,2014-02-15,25511,43,25468,334997.9,294859.9,6782.4,33355.6,353.1,52890.6,,,,,4.142
2.2126195959,APPROVED,2014-03-15,23876,45,23831,340445.2,299774.8,6928.4,33742.0,383.6,53741.5,,,,,
2.4532200593,APPROVED,2014-04-15,21985,43,21942,346400.0,304834.2,7069.6,34496.2,441.1,57167.8,,,,,
2.66984415,APPROVED,2014-05-15,22611,42,22569,354700.0,311101.8,7385.8,36212.4,532.6,56096.6,,,,,
2.4348705308,APPROVED,2014-06-15,20613,42,20571,353345.7,309991.8,7224.3,36129.6,460.6,59012.7,,,,,
2.7332739557,APPROVED,2014-07-15,20747,38,20709,356085.8,312139.5,7317.7,36628.6,651.9,58830.0,,,,,
2.3856088627,APPROVED,2014-08-15,18819,45,18774,355024.7,310606.1,7247.3,37171.3,496.8,59446.6,,,,,
2.3800755148,APPROVED,2014-09-15,18461,47,18414,345832.2,302833.2,6871.4,36127.6,441.8,57417.6,,,,,
2.3076845956,APPROVED,2014-10-15,17167,36,17131,354962.2,310872.0,6927.6,37162.5,482.8,57891.2,,,,,
2.3442656923,APPROVED,2014-11-15,18986,42,18944,347193.7,303847.4,6836.2,36510.1,353.7,57788.2,,,,,
2.3544189408,APPROVED,2014-12-15,20275,38,20237,348016.0,303882.8,6816.8,37316.4,440.8,59197.1,,,,,
2.1529605143,APPROVED,2015-01-15,20608,38,20570,336514.0,293924.2,6451.5,36138.3,321.7,53636.6,,,,,
2.3015648208,APPROVED,2015-02-15,18853,31,18822,350723.3,306888.4,6684.4,37150.5,376.4,56530.6,,,,,
2.2859041674,APPROVED,2015-03-15,17477,34,17443,353325.0,308776.7,6862.0,37686.3,344.2,58574.9,,,,,
2.6958972936,APPROVED,2015-04-15,16848,39,16809,363960.8,316898.6,7084.7,39977.5,519.8,60428.1,,,,,
2.4402630248,APPROVED,2015-05-15,16653,27,16626,363206.7,315598.5,7274.5,40333.7,470.6,59520.8,,,,,
2.5809287078,APPROVED,2015-06-15,16982,44,16938,373640.6,324819.7,7455.8,41365.1,478.3,61808.6,,,,,
2.8362404204,APPROVED,2015-07-15,16666,32,16634,374628.1,324848.8,7622.7,42156.5,636.5,64611.6,,,,,
2.7302745406,APPROVED,2015-08-15,17999,31,17968,371183.0,321781.2,7415.6,41986.1,509.5,61876.6,,,,,
2.3605186794,APPROVED,2015-09-15,19193,39,19154,365649.0,317078.4,7161.0,41409.6,495.3,59251.0,,,,,
2.5430084124,APPROVED,2015-10-15,18047,39,18008,364053.0,316192.1,7029.2,40831.7,558.5,57919.6,,,,,
2.2752676315,APPROVED,2015-11-15,17345,46,17299,357796.9,310742.2,6816.9,40237.8,361.0,58355.5,,,,,
2.315674581,APPROVED,2015-12-15,18133,30,18103,357455.7,310405.7,6806.3,40243.7,343.4,58987.8,,,,,
2.1917939257,APPROVED,2016-01-15,18270,37,18233,342192.8,297423.5,6485.2,38284.2,303.5,54943.8,,,,,
2.1730943638,APPROVED,2016-02-15,19336,40,19296,360546.8,312244.9,6688.6,41613.3,390.9,53752.6,,,,,
2.2291076476,APPROVED,2016-03-15,17564,32,17532,366846.1,318353.6,6842.0,41650.5,405.0,56557.2,,,,,
2.5237158646,APPROVED,2016-04-15,17274,32,17242,370840.6,321434.3,7005.2,42401.1,535.4,56993.6,,,,,
2.3265333391,APPROVED,2016-05-15,17231,50,17181,373972.4,323243.7,7157.2,43571.5,415.8,56938.4,,,,,
2.4455832906,APPROVED,2016-06-15,17040,43,16997,389669.5,336744.5,7501.2,45423.9,485.7,60850.8,,,,,
2.4412013558,APPROVED,2016-07-15,17430,44,17386,385165.4,332122.8,7572.1,45470.5,499.8,60690.0,,,,,
2.7201768572,APPROVED,2016-08-15,17709,48,17661,384718.7,331315.2,7462.0,45941.5,628.9,62722.8,,,,,
2.3393628051,APPROVED,2016-09-15,16520,47,16473,375497.9,324618.1,7116.7,43763.0,448.2,58898.6,,,,,
2.2957631832,APPROVED,2016-10-15,16189,43,16146,373717.8,323875.3,7134.8,42707.7,405.1,57690.9,,,,,
2.3773598978,APPROVED,2016-11-15,17773,44,17729,369832.5,320997.2,6954.9,41880.3,423.7,59103.3,,,,,
2.3016915938,APPROVED,2016-12-15,18401,47,18354,367595.8,319504.8,6884.0,41207.0,427.1,58370.7,,,,,
2.2275910297,APPROVED,2017-01-15,18639,55,18584,343474.5,299303.0,6262.5,37909.0,281.4,55505.5,,,,,
2.3262643221,APPROVED,2017-02-15,16790,55,16735,359386.3,313060.2,6479.4,39846.6,339.4,57074.0,,,,,
2.4051471119,APPROVED,2017-03-15,14545,45,14500,372578.0,323838.9,6759.9,41979.2,396.9,60671.4,,,,,
2.5390272481,APPROVED,2017-04-15,14862,46,14816,375532.7,326227.1,6876.5,42429.1,403.8,64230.5,,,,,
2.5972117168,APPROVED,2017-05-15,15638,46,15592,383905.1,332064.1,7114.1,44726.9,441.8,65088.7,,,,,
2.8674451084,APPROVED,2017-06-15,15758,50,15708,393199.5,340007.2,7350.2,45842.1,608.4,67440.8,,,,,
2.6388920311,APPROVED,2017-07-15,16135,53,16082,383921.1,331043.2,7249.7,45628.2,494.6,67234.2,,,,,
2.8351759358,APPROVED,2017-08-15,16917,47,16870,391955.9,338627.5,7235.1,46093.3,535.1,67159.2,,,,,
2.7136418365,APPROVED,2017-09-15,14174,43,14131,375113.6,326017.7,6518.2,42577.7,498.8,68026.3,,,,,
2.4874822676,APPROVED,2017-10-15,15884,44,15840,380226.4,330753.8,6551.1,42921.4,427.7,63804.9,,,,,
2.5714839582,APPROVED,2017-11-15,17037,47,16990,373371.4,325473.4,6354.9,41543.0,405.9,63977.6,,,,,
2.5488057945,APPROVED,2017-12-15,16798,40,16758,367772.7,320360.4,6267.7,41144.6,443.2,64267.7,,,,,
2.4960134375,APPROVED,2018-01-15,16438,48,16390,346362.5,302431.0,5716.4,38215.1,335.5,63314.3,,,,,
2.5271616052,APPROVED,2018-02-15,16186,45,16141,361349.3,315616.3,6001.4,39731.6,331.5,62971.4,,,,,
2.5134102217,APPROVED,2018-03-15,16234,45,16189,374065.7,326277.4,6001.5,41786.9,350.5,63288.5,,,,,
2.7691006619,APPROVED,2018-04-15,15842,34,15808,374734.3,326987.9,5901.5,41844.9,523.7,61861.1,,,,,
2.6786676369,APPROVED,2018-05-15,16117,36,16081,386016.0,335928.1,6210.6,43877.3,460.0,66803.2,,,,,
2.6884280737,APPROVED,2018-06-15,17295,56,17239,391639.9,341531.5,6360.7,43747.7,481.5,68172.9,,,,,
2.8956966488,APPROVED,2018-07-15,16878,49,16829,383738.2,333828.5,6304.5,43605.3,646.0,67210.8,,,,,
2.8948756031,APPROVED,2018-08-15,16290,44,16246,390031.8,339238.4,6430.2,44363.2,529.1,69132.5,,,,,
2.6812718292,APPROVED,2018-09-15,17056,52,17004,371360.6,323293.6,5988.7,42078.3,455.1,67985.0,,,,,
2.8331108984,APPROVED,2018-10-15,16599,52,16547,378336.5,330899.3,5887.8,41549.4,556.8,64702.4,,,,,
2.5614619116,APPROVED,2018-11-15,16440,47,16393,372857.2,325516.7,5801.8,41538.7,395.8,62798.0,,,,,
2.5243793388,APPROVED,2018-12-15,17801,44,17757,363843.6,317078.7,5611.8,41153.1,362.5,63799.4,,,,,
2.4474915537,APPROVED,2019-01-15,20114,46,20068,342249.4,298218.7,5135.9,38894.8,368.6,60475.4,,,,,
2.5278148379,APPROVED,2019-02-15,17195,31,17164,350079.4,304890.0,5301.9,39887.5,325.3,62621.8,,,,,
2.4882773584,APPROVED,2019-03-15,15527,44,15483,358189.1,311928.0,5512.7,40748.4,392.1,63015.8,,,,,
2.6438856933,APPROVED,2019-04-15,15109,39,15070,368469.3,321233.4,5609.1,41626.8,465.6,64443.1,,,,,
2.9542353968,APPROVED,2019-05-15,15546,46,15500,377445.2,328822.4,5842.0,42780.7,558.3,67008.1,,,,,
2.7417750318,APPROVED,2019-06-15,15526,34,15492,377477.0,327897.4,5866.6,43713.0,478.9,67875.2,,,,,
2.9338267619,APPROVED,2019-07-15,15505,48,15457,379889.3,329267.3,6036.5,44585.5,515.3,66702.0,,,,,
2.8453145365,APPROVED,2019-08-15,15950,52,15898,387107.8,335317.5,6109.6,45680.6,510.7,66939.0,,,,,
2.6127131104,APPROVED,2019-09-15,15431,49,15382,365901.0,316655.8,5601.4,43643.8,462.2,66628.2,,,,,
2.5887678298,APPROVED,2019-10-15,16055,40,16015,373937.4,325291.8,5507.4,43138.2,458.3,64238.7,,,,,
2.5205172172,APPROVED,2019-11-15,16839,48,16791,365832.1,318396.8,5335.5,42099.8,362.2,63463.8,,,,,
2.5771387077,APPROVED,2019-12-15,17839,41,17798,359700.9,312836.9,5195.2,41668.8,323.8,66146.0,,,,,
2.5008485236,APPROVED,2020-01-15,20493,50,20443,346619.8,301707.5,5001.1,39911.2,429.2,64446.3,,,,,
2.4730287518,APPROVED,2020-02-15,18846,46,18800,357174.8,310315.1,5086.8,41772.9,348.0,61892.4,,,,,
2.3419043261,APPROVED,2020-03-15,16686,51,16635,309082.5,268086.1,4560.6,36435.8,350.6,54957.8,,,,,
2.4210480544,APPROVED,2020-04-15,16209,50,16159,228184.7,197611.1,3356.8,27216.8,295.8,23947.2,,,,,
1.8672502098,APPROVED,2020-05-15,17004,48,16956,284613.3,244033.9,4390.5,36188.8,495.1,23577.3,,,,,
1.881584722,APPROVED,2020-06-15,16755,44,16711,332306.6,284282.9,5174.8,42848.9,444.8,32839.2,,,,,
1.8998249338,APPROVED,2020-07-15,17319,53,17266,344989.4,294251.2,5503.1,45235.2,469.5,37833.7,,,,,
1.918478042,APPROVED,2020-08-15,18167,47,18120,345398.2,294179.7,5396.3,45822.2,463.6,38352.8,,,,,
1.9228072171,APPROVED,2020-09-15,16899,44,16855,340477.8,290459.9,5157.9,44860.0,446.1,37671.3,,,,,
1.8441345433,APPROVED,2020-10-15,18479,52,18427,339625.5,290179.5,5042.7,44403.3,449.3,38265.6,,,,,
2.0260752425,APPROVED,2020-11-15,17774,52,17722,321789.4,274803.7,4692.1,42293.7,390.3,41835.8,,,,,
2.1108086797,APPROVED,2020-12-15,19083,48,19035,319786.1,274256.4,4589.2,40940.5,366.5,43403.0,,,,,
2.0335590421,APPROVED,2021-01-15,16414,38,16376,308851.0,264944.5,4372.5,39534.0,412.2,39440.3,,,,,
2.0838552513,APPROVED,2021-02-15,14662,45,14617,312395.4,268106.1,4457.4,39832.0,309.2,39251.9,,,,,
2.1059757715,APPROVED,2021-03-15,14605,24,14581,343691.5,295966.7,4850.3,42874.5,409.2,47080.7,,,,,
2.1903233157,APPROVED,2021-04-15,14928,22,14906,357012.7,305953.0,5178.7,45881.0,500.0,50996.7,,,,,
2.2435454243,APPROVED,2021-05-15,14748,24,14724,362375.6,309893.9,4840.5,47641.2,481.0,50740.7,,,,,
2.5562302083,APPROVED,2021-06-15,12459,22,12437,371400.7,318580.9,4594.2,48225.5,511.6,55393.9,,,,,
2.5615469314,APPROVED,2021-07-15,13263,19,13244,371764.8,318794.3,4677.1,48293.4,608.0,57448.8,,,,,
2.5777169798,APPROVED,2021-08-15,13013,23,12990,368001.8,315952.9,4492.8,47556.1,509.6,56522.2,,,,,
2.3289496993,APPROVED,2021-09-15,13586,26,13560,358900.9,308440.8,4169.8,46290.3,498.2,56934.4,,,,,
2.2650017388,APPROVED,2021-10-15,12927,25,12902,354498.9,306070.4,4034.9,44393.6,448.7,55117.6,,,,,
2.3623622648,APPROVED,2021-11-15,12065,20,12045,351209.9,304391.4,3866.9,42951.6,424.6,56151.1,,,,,
2.3872624729,APPROVED,2021-12-15,12324,22,12302,344177.5,298393.4,3780.9,42003.1,370.8,58914.1,,,,,
2.4148920603,APPROVED,2022-01-15,13103,18,13085,315667.7,273815.2,3472.4,38380.1,321.9,54697.4,,,,,
2.3855409375,APPROVED,2022-02-15,13043,19,13024,339609.5,295297.0,3614.0,40698.4,361.8,55098.3,,,,,
2.4266481554,APPROVED,2022-03-15,12635,31,12604,344118.8,302435.0,3190.4,38493.3,442.5,56419.8,,,,,
